Timestamp(ms),Preprocess(ms),Infer(ms),Postprocess(ms),Total(ms)
1764904194861,0,48,12,61
1764904194916,0,36,14,52
1764904194968,0,32,11,45
1764904195004,0,27,3,32
1764904195077,0,43,27,72
1764904195131,2,41,9,53
1764904195176,0,33,10,45
1764904195221,1,39,4,44
1764904195278,3,29,17,50
1764904195339,0,33,26,60
1764904195375,0,31,2,35
1764904195418,0,35,6,43
1764904195459,0,32,5,39
1764904195500,1,35,2,40
1764904195542,1,37,2,41
1764904195586,0,40,2,43
1764904195637,0,45,5,51
1764904195675,0,32,4,37
1764904195716,2,35,2,40
1764904195759,0,39,2,43
1764904195802,0,36,2,40
1764904195846,0,39,3,43
1764904195888,0,38,2,42
1764904195932,0,40,2,44
1764904195977,0,40,2,44
1764904196018,1,36,2,40
1764904196062,0,40,2,43
1764904196105,0,39,2,42
1764904196150,0,41,2,44
1764904196192,0,37,2,41
1764904196235,0,39,2,42
1764904196281,0,38,5,44
1764904196322,0,36,2,39
1764904196365,0,39,2,42
1764904196408,0,40,2,43
1764904196451,0,38,2,42
1764904196494,0,39,2,43
1764904196538,0,40,2,43
1764904196581,0,39,2,43
1764904196625,0,39,3,43
1764904196667,0,38,2,41
1764904196711,0,39,2,43
1764904196754,0,40,2,43
1764904196799,0,39,4,44
1764904196840,2,35,2,41
1764904196884,0,39,3,43
1764904196927,0,38,3,42
1764904196971,0,39,3,43
1764904197015,0,39,4,44
1764904197057,0,37,2,41
1764904197101,0,38,4,43
1764904197143,1,37,2,41
1764904197188,0,39,3,44
1764904197230,0,37,3,41
1764904197273,0,39,2,42
1764904197317,0,38,3,42
1764904197359,1,37,2,41
1764904197408,1,41,5,48
1764904197448,0,34,3,39
1764904197496,3,36,5,46
1764904197537,0,32,3,37
1764904197583,0,34,7,42
1764904197626,0,35,6,43
1764904197668,0,32,3,36
1764904197709,0,33,4,38
1764904197764,1,41,11,54
1764904197798,0,28,2,32
1764904197841,0,39,2,43
1764904197885,0,39,3,43
1764904197929,0,39,4,44
1764904197975,0,38,6,45
1764904198014,0,34,2,37
1764904198057,0,37,2,42
1764904198101,0,40,3,44
1764904198145,0,39,3,43
1764904198187,0,38,2,41
1764904198230,0,39,2,43
1764904198273,0,39,2,43
1764904198316,0,39,2,43
1764904198360,1,39,3,43
1764904198404,0,39,3,43
1764904198448,0,39,3,43
1764904198491,0,37,3,42
1764904198534,0,38,3,43
1764904198578,0,39,3,43
1764904198620,0,35,2,39
1764904198664,0,39,3,44
1764904198706,0,36,2,40
1764904198750,0,37,3,41
1764904198793,0,39,2,42
1764904198836,0,39,2,42
1764904198880,0,39,3,43
1764904198922,0,39,2,42
1764904198966,0,38,2,41
1764904199010,0,39,3,43
1764904199053,0,38,3,42
1764904199096,1,38,3,43
1764904199139,0,34,2,38
1764904199182,0,39,3,43
1764904199227,0,38,4,43
1764904199269,0,37,2,40
1764904199312,0,39,3,43
1764904199355,0,39,2,42
1764904199399,0,39,3,43
1764904199441,0,39,2,42
1764904199485,0,37,2,41
1764904199529,1,38,3,43
1764904199571,0,39,2,42
1764904199615,0,39,2,43
1764904199659,0,39,2,42
1764904199703,0,37,4,43
1764904199745,0,38,3,42
1764904199788,0,38,3,42
1764904199831,0,38,2,42
1764904199883,0,42,7,51
1764904199921,0,31,6,38
1764904199982,0,39,13,53
1764904200020,0,29,7,37
1764904200063,0,36,5,42
1764904200104,1,36,3,41
1764904200144,0,34,4,39
1764904200187,1,37,3,42
1764904200229,0,38,2,41
1764904200274,0,40,3,44
1764904200316,0,38,2,41
1764904200359,0,39,2,42
1764904200402,0,39,2,42
1764904200447,0,40,4,45
1764904200489,0,35,2,39
1764904200533,1,38,3,44
1764904200576,0,37,3,41
1764904200620,0,40,3,44
1764904200662,0,38,2,41
1764904200705,0,40,2,43
1764904200748,0,39,2,42
1764904200791,0,39,2,43
1764904200835,0,36,2,40
1764904200878,0,39,2,43
1764904200921,0,39,2,42
1764904200967,0,39,5,45
1764904201008,0,35,2,39
1764904201051,0,38,2,41
1764904201094,0,39,2,43
1764904201139,0,40,3,44
1764904201181,0,37,2,41
1764904201225,0,39,3,43
1764904201268,0,37,2,40
1764904201312,0,40,3,44
1764904201355,0,38,3,42
1764904201398,0,38,2,42
1764904201441,0,36,2,42
1764904201484,0,39,2,42
1764904201527,0,40,2,43
1764904201571,0,39,3,43
1764904201614,0,39,2,42
1764904201657,0,39,2,42
1764904201700,0,39,2,43
1764904201743,0,37,2,40
1764904201786,0,39,2,42
1764904201830,0,40,2,43
1764904201873,0,39,2,43
1764904201917,0,40,2,43
1764904201959,0,39,2,42
1764904202004,0,39,3,44
1764904202046,0,38,2,42
1764904202090,1,39,2,43
1764904202133,1,36,3,40
1764904202177,1,38,3,43
1764904202220,0,39,2,43
1764904202263,0,38,3,42
1764904202306,1,38,2,42
1764904202349,0,39,2,43
1764904202394,1,40,2,44
1764904202435,0,38,2,41
1764904202479,0,39,2,42
1764904202522,2,38,2,43
1764904202566,0,39,2,43
1764904202608,0,39,2,42
1764904202652,0,37,2,41
1764904202695,1,38,2,42
1764904202739,0,39,2,43
1764904202782,1,38,2,42
1764904202825,0,39,2,43
1764904202868,0,39,2,42
1764904202913,0,39,4,44
1764904202954,0,35,2,38
1764904202998,0,38,2,42
1764904203041,0,39,2,42
1764904203086,0,41,2,45
1764904203127,0,35,2,38
1764904203170,0,39,2,42
1764904203214,0,40,3,43
1764904203257,0,39,2,42
1764904203301,0,39,2,42
1764904203344,0,39,2,43
1764904203388,0,39,3,43
1764904203431,1,38,2,42
1764904203474,0,38,2,41
1764904203518,0,38,3,42
1764904203561,1,38,3,43
1764904203605,0,38,4,43
1764904203646,3,35,2,41
1764904203692,0,40,4,45
1764904203736,0,39,3,43
1764904203779,1,37,4,42
1764904203820,3,34,2,40
1764904203865,0,39,3,44
1764904203906,0,37,2,40
1764904203952,2,36,4,42
1764904203993,0,36,2,40
1764904204037,0,40,2,43
1764904204079,0,38,2,41
1764904204123,0,40,2,43
1764904204166,0,39,2,42
1764904204211,0,39,4,44
1764904204253,0,38,2,41
1764904204299,0,39,3,44
1764904204341,0,36,4,41
1764904204384,0,37,4,42
1764904204426,0,38,3,42
1764904204469,1,38,2,42
1764904204513,0,39,3,44
1764904204555,0,36,2,39
1764904204598,0,39,2,43
1764904204642,0,39,2,43
1764904204685,0,39,2,42
1764904204728,0,40,2,43
1764904204771,0,39,2,43
1764904204816,0,40,3,44
1764904204858,0,38,2,42
1764904204901,0,40,2,43
1764904204945,0,39,2,43
1764904204988,0,39,2,42
1764904205031,0,39,2,43
1764904205076,0,40,2,44
1764904205118,0,37,2,41
1764904205161,0,39,2,43
1764904205204,0,39,2,42
1764904205248,0,39,2,43
1764904205291,0,39,2,43
1764904205334,0,38,2,41
1764904205377,0,40,2,43
1764904205421,0,39,2,43
1764904205469,0,42,4,47
1764904205524,0,43,7,51
1764904205561,0,27,7,35
1764904205606,0,33,7,41
1764904205647,0,28,3,32
1764904205689,0,38,2,42
1764904205732,0,39,2,43
1764904205775,0,39,2,42
1764904205819,0,40,2,43
1764904205862,0,39,2,42
1764904205905,0,39,2,43
1764904205949,0,39,2,43
1764904205994,0,38,3,43
1764904206035,0,37,2,40
1764904206079,0,40,3,44
1764904206122,0,38,2,42
1764904206165,0,39,2,43
1764904206209,0,37,3,42
1764904206255,3,36,6,46
1764904206295,0,35,3,39
1764904206339,1,38,3,43
1764904206383,0,38,4,43
1764904206425,0,37,3,41
1764904206468,0,38,3,42
1764904206511,0,39,2,42
1764904206554,0,39,2,42
1764904206597,0,40,2,43
1764904206640,0,39,2,43
1764904206684,0,39,2,43
1764904206727,0,39,2,42
1764904206771,0,40,3,44
1764904206813,0,37,2,41
1764904206858,0,40,3,44
1764904206900,0,37,2,40
1764904206943,0,40,2,43
1764904206987,0,40,2,43
1764904207030,0,39,2,43
1764904207073,0,39,3,42
1764904207117,0,38,3,43
1764904207161,0,38,3,43
1764904207203,0,36,3,40
1764904207247,0,39,3,43
1764904207290,0,37,3,41
1764904207334,0,39,2,43
1764904207376,0,38,2,42
1764904207420,0,39,2,43
1764904207463,1,39,2,43
1764904207509,0,39,5,45
1764904207550,2,35,3,40
1764904207596,0,40,3,45
1764904207636,0,36,2,39
1764904207681,0,40,2,44
1764904207722,0,35,2,39
1764904207765,0,39,2,43
1764904207809,0,39,2,43
1764904207856,0,39,6,47
1764904207895,0,35,2,38
1764904207939,0,38,2,42
1764904207982,0,39,2,43
1764904208025,0,39,2,43
1764904208068,0,39,2,43
1764904208112,0,40,2,43
1764904208155,0,39,2,42
1764904208198,0,40,2,43
1764904208241,0,39,2,42
1764904208285,0,40,2,43
1764904208328,0,39,2,42
1764904208371,0,40,2,43
1764904208414,0,40,2,43
1764904208458,0,40,2,43
1764904208501,0,40,2,43
1764904208544,0,39,2,42
1764904208588,0,39,2,43
1764904208631,0,39,2,43
1764904208674,0,39,2,42
1764904208717,0,39,2,43
1764904208760,0,39,2,42
1764904208803,0,39,2,43
1764904208847,0,40,2,43
1764904208890,0,39,2,42
1764904208935,0,41,2,45
1764904208977,0,37,2,41
1764904209023,0,40,5,46
1764904209063,0,36,2,39
1764904209107,1,39,2,43
1764904209150,0,39,2,42
1764904209193,0,38,2,42
1764904209236,0,39,2,42
1764904209280,0,39,2,43
1764904209323,0,39,2,42
1764904209366,0,39,2,43
1764904209410,0,39,2,43
1764904209452,0,39,2,42
1764904209496,0,39,2,43
1764904209539,0,39,2,42
1764904209582Timestamp(ms),Preprocess(ms),Infer(ms),Postprocess(ms),Total(ms)
1764904394806,0,48,6,55
1764904394854,0,43,3,47
1764904394903,1,31,12,46
1764904394953,2,38,6,47
1764904394994,0,35,3,40
1764904395041,0,39,5,46
1764904395088,0,37,8,46
1764904395135,0,32,13,47
1764904395176,0,26,7,35
1764904395222,0,33,10,44
1764904395258,2,30,3,35
1764904395302,0,40,2,43
1764904395350,0,42,5,48
1764904395396,2,40,2,45
1764904395433,0,32,3,36
1764904395476,0,39,3,43
1764904395523,0,39,6,46
1764904395562,2,34,2,38
1764904395608,0,40,2,43
1764904395651,0,37,3,42
1764904395694,0,39,3,43
1764904395736,0,36,2,40
1764904395779,0,39,2,43
1764904395825,0,39,5,45
1764904395865,0,35,2,38
1764904395909,0,39,2,43
1764904395952,0,39,2,43
1764904395995,0,39,2,42
1764904396039,0,39,3,43
1764904396082,0,38,3,42
1764904396127,1,39,3,44
1764904396168,0,37,2,41
1764904396212,0,37,2,40
1764904396257,0,41,2,44
1764904396299,0,38,3,42
1764904396341,0,38,2,42
1764904396386,0,38,4,43
1764904396428,0,37,3,41
1764904396471,0,39,2,42
1764904396515,0,40,2,43
1764904396557,0,39,2,42
1764904396601,0,40,2,43
1764904396644,0,39,2,42
1764904396687,2,37,2,43
1764904396730,0,38,2,41
1764904396774,0,39,2,43
1764904396818,0,39,3,44
1764904396861,0,38,3,42
1764904396905,0,38,3,43
1764904396950,0,38,4,43
1764904396990,0,36,2,39
1764904397034,0,39,2,43
1764904397077,0,39,2,42
1764904397120,0,39,2,43
1764904397165,2,37,3,44
1764904397206,2,36,2,41
1764904397250,0,40,2,43
1764904397293,0,39,2,43
1764904397336,0,39,2,42
1764904397381,0,40,3,44
1764904397425,0,38,4,43
1764904397467,0,36,3,40
1764904397511,0,38,3,42
1764904397553,0,38,2,41
1764904397597,1,38,4,43
1764904397640,0,38,3,42
1764904397683,0,39,3,43
1764904397727,1,39,3,43
1764904397770,0,38,3,42
1764904397813,0,38,3,42
1764904397857,2,39,2,43
1764904397900,0,38,2,42
1764904397942,0,38,2,41
1764904397986,0,39,2,43
1764904398029,0,40,2,43
1764904398072,0,37,2,40
1764904398115,0,36,2,40
1764904398158,0,39,2,43
1764904398202,0,39,2,43
1764904398245,0,39,2,42
1764904398289,0,40,3,43
1764904398331,0,38,2,41
1764904398374,0,39,2,42
1764904398418,0,40,2,43
1764904398463,0,39,3,44
1764904398504,0,37,2,41
1764904398565,0,50,7,58
1764904398603,0,31,4,37
1764904398643,0,30,2,34
1764904398700,0,31,11,43
1764904398741,0,34,5,40
1764904398780,0,31,4,37
1764904398821,0,36,2,40
1764904398864,0,39,2,43
1764904398908,0,39,3,43
1764904398950,0,39,2,42
1764904398994,1,37,2,42
1764904399038,0,39,3,43
1764904399080,0,38,2,42
1764904399126,0,41,3,45
1764904399168,0,37,3,42
1764904399210,0,38,2,41
1764904399254,0,39,2,43
1764904399297,0,39,3,42
1764904399340,0,39,2,42
1764904399383,0,38,2,41
1764904399429,0,40,4,45
1764904399469,0,37,2,40
1764904399513,0,40,2,43
1764904399556,0,39,2,42
1764904399599,0,39,2,43
1764904399642,0,39,2,42
1764904399688,2,39,3,45
1764904399731,2,36,4,42
1764904399772,0,38,2,41
1764904399818,0,41,2,45
1764904399859,0,35,3,39
1764904399903,1,38,2,42
1764904399946,0,38,2,42
1764904399990,0,39,3,43
1764904400033,0,39,2,42
1764904400076,1,37,3,42
1764904400119,1,37,2,42
1764904400162,2,38,2,42
1764904400205,1,39,2,42
1764904400249,0,40,3,44
1764904400293,0,39,3,43
1764904400335,0,38,3,42
1764904400378,0,38,2,41
1764904400421,0,40,2,43
1764904400466,0,40,2,44
1764904400508,2,36,2,41
1764904400551,0,39,2,43
1764904400594,0,39,2,43
1764904400639,0,41,2,44
1764904400681,0,38,2,41
1764904400724,0,39,2,43
1764904400768,0,40,3,44
1764904400810,0,38,2,42
1764904400855,0,39,3,43
1764904400897,0,39,2,42
1764904400941,0,39,2,43
1764904400984,0,39,2,42
1764904401028,0,39,3,43
1764904401070,1,38,2,42
1764904401114,0,39,2,43
1764904401156,0,39,2,42
1764904401200,0,39,2,43
1764904401243,0,39,2,42
1764904401288,0,39,2,43
1764904401330,0,36,3,40
1764904401373,0,37,2,41
1764904401416,0,39,2,43
1764904401460,0,39,3,43
1764904401503,0,39,3,43
1764904401547,0,37,3,42
1764904401589,0,38,2,42
1764904401633,0,39,2,43
1764904401676,0,40,2,43
1764904401724,0,38,7,46
1764904401762,0,35,2,38
1764904401807,0,41,2,45
1764904401849,0,37,3,41
1764904401892,0,39,2,43
1764904401938,0,39,4,45
1764904401979,1,37,2,40
1764904402023,0,39,3,43
1764904402066,0,39,3,43
1764904402108,0,38,2,41
1764904402153,0,39,2,43
1764904402195,0,38,2,41
1764904402238,0,38,2,41
1764904402284,0,39,4,45
1764904402324,0,37,2,40
1764904402369,0,40,3,44
1764904402411,1,37,2,40
1764904402456,0,40,3,44
1764904402498,0,38,2,41
1764904402541,0,39,2,43
1764904402586,0,40,2,44
1764904402629,0,38,3,42
1764904402671,0,38,2,41
1764904402715,0,40,3,44
1764904402757,2,37,2,42
1764904402801,0,39,3,43
1764904402845,0,39,3,43
1764904402889,0,38,3,43
1764904402931,0,38,2,41
1764904402974,0,39,2,42
1764904403019,0,41,3,44
1764904403061,0,37,2,41
1764904403104,0,39,2,42
1764904403147,0,39,2,42
1764904403191,0,39,3,43
1764904403233,1,36,2,40
1764904403277,0,38,3,41
1764904403320,0,39,2,42
1764904403364,3,37,2,43
1764904403407,0,38,3,42
1764904403450,0,39,2,43
1764904403493,0,39,3,43
1764904403538,0,41,2,44
1764904403579,0,37,2,40
1764904403622,0,39,2,42
1764904403666,0,40,2,44
1764904403709,0,38,2,41
1764904403752,0,39,2,43
1764904403795,0,39,2,42
1764904403839,1,38,2,43
1764904403882,0,40,2,43
1764904403926,0,39,3,44
1764904403969,0,38,2,42
1764904404012,0,39,2,43
1764904404058,0,39,5,45
1764904404098,0,36,2,40
1764904404142,1,39,2,43
1764904404188,0,41,3,45
1764904404229,1,36,3,40
1764904404272,1,38,2,42
1764904404315,1,40,2,43
1764904404358,0,38,2,42
1764904404401,0,39,2,43
1764904404445,0,39,3,43
1764904404488,0,38,2,42
1764904404531,0,39,2,43
1764904404574,0,39,2,42
1764904404617,0,39,2,43
1764904404660,0,39,2,42
1764904404704,0,39,2,43
1764904404748,0,40,3,43
1764904404790,0,39,2,42
1764904404834,0,40,2,43
1764904404876,0,39,2,42
1764904404920,0,40,2,43
1764904404963,0,39,2,43
1764904405014,0,43,6,50
1764904405058,5,31,6,43
1764904405101,3,32,5,42
1764904405142,0,35,4,40
1764904405185,0,37,3,41
1764904405235,1,44,2,48
1764904405269,0,30,2,33
1764904405313,0,39,2,43
1764904405356,0,39,2,42
1764904405400,0,40,2,43
1764904405442,0,38,2,41
1764904405486,0,40,3,43
1764904405529,0,38,2,41
1764904405573,0,39,3,43
1764904405616,0,39,2,43
1764904405659,0,39,2,42
1764904405703,0,38,2,42
1764904405746,0,37,3,41
1764904405789,0,38,2,42
1764904405834,0,39,3,43
1764904405875,0,37,2,40
1764904405920,0,40,4,45
1764904405961,0,37,2,40
1764904406005,0,39,2,43
1764904406049,0,40,2,43
1764904406091,0,39,2,42
1764904406136,0,40,3,44
1764904406178,0,38,2,42
1764904406221,0,39,2,42
1764904406264,0,39,2,42
1764904406307,0,40,2,43
1764904406353,0,40,4,45
1764904406394,0,37,2,40
1764904406437,0,39,2,43
1764904406480,0,39,2,43
1764904406524,0,40,2,43
1764904406567,0,39,2,42
1764904406610,0,40,2,43
1764904406654,0,39,2,43
1764904406697,0,39,2,43
1764904406743,0,39,5,45
1764904406783,1,36,2,40
1764904406827,0,39,2,43
1764904406870,0,39,2,43
1764904406915,0,40,3,44
1764904406957,0,38,2,41
1764904407000,0,39,2,42
1764904407043,1,39,2,42
1764904407086,0,39,2,42
1764904407129,0,37,2,40
1764904407173,0,39,2,43
1764904407216,0,39,2,43
1764904407259,0,39,2,43
1764904407302,0,39,2,42
1764904407346,0,39,2,43
1764904407391,0,39,4,45
1764904407433,0,37,2,41
1764904407475,0,38,2,41
1764904407518,0,40,2,43
1764904407562,0,40,2,43
1764904407605,0,39,2,42
1764904407649,0,40,3,43
1764904407692,0,39,2,42
1764904407735,0,39,2,43
1764904407778,0,39,2,43
1764904407821,0,39,2,43
1764904407865,1,38,2,42
1764904407909,0,40,3,44
1764904407953,0,39,3,43
1764904407996,0,38,3,43
1764904408038,0,37,2,41
1764904408082,0,39,3,43
1764904408126,0,39,3,43
1764904408168,0,38,3,42
1764904408211,0,39,2,42
1764904408254,0,39,2,42
1764904408297,0,39,2,42
1764904408340,0,39,2,42
1764904408384,0,40,2,43
1764904408427,0,40,2,43
1764904408470,0,40,2,43
1764904408514,0,39,2,43
1764904408557,0,39,2,43
1764904408601,0,39,3,44
1764904408643,0,38,2,41
1764904408687,0,40,2,43
1764904408731,0,39,3,43
1764904408774,0,38,2,42
1764904408816,0,38,2,41
1764904408860,0,40,2,43
1764904408904,0,38,3,42
1764904408949,0,39,4,44
1764904408990,0,37,2,41
1764904409034,0,39,3,43
1764904409077,0,39,3,43
1764904409119,0,38,2,42
1764904409163,0,39,2,43
1764904409206,0,39,2,43
1764904409249,0,40,2,43
1764904409293,0,39,2,43
1764904409338,0,41,2,45
1764904409379,0,37,2,40
1764904409422,1,38,2,42
1764904409468,1,39,5,45
1764904409509,1,35,2,38
1764904409553,1,39,2,43
1764904409596,0,38,2,42
1764904409639,0,39,2,42
1764904409682,0,40,2,43
1764904409725,0,39,2,43
1764904409768,0,39,2,42
1764904409812,0,39,3,43
1764904409856,2,37,3,43
1764904409900,0,40,3,44
1764904409942,0,37,2,41
1764904409984,0,39,2,42
1764904410028,0,40,2,43
1764904410071,0,39,2,42
1764904410116,0,39,4,45
1764904410158,0,36,3,41
1764904410202,0,39,2,43
1764904410245,0,36,3,41
1764904410292,0,39,7,47
1764904410332,0,34,3,39
1764904410374,0,39,2,42
1764904410417,0,37,2,40
1764904410462,0,36,3,40
1764904410505,0,38,3,42
1764904410547,0,36,2,39
1764904410590,0,40,2,43
1764904410633,0,39,2,43
1764904410677,0,39,2,42
1764904410721,0,40,2,43
1764904410764,0,39,2,42
1764904410808,0,39,3,43
1764904410850,0,38,2,42
1764904410894,0,39,2,43
1764904410936,0,38,2,42
1764904410979,0,39,2,42
1764904411024,0,40,3,44
1764904411067,0,38,2,42
1764904411110,1,37,2,41
1764904411155,3,36,4,45
1764904411196,0,37,2,41
1764904411241,0,40,3,44
1764904411284,0,38,3,42
1764904411326,0,37,3,42
1764904411388,0,57,2,61
1764904411427,8,27,3,38
1764904411470,0,33,3,37
1764904411520,0,38,8,47
1764904411570,0,43,5,50
1764904411611,0,31,2,34
1764904411655,0,38,2,42
1764904411698,0,39,2,43
1764904411742,0,39,3,44
1764904411789,0,38,7,46
1764904411828,1,33,2,38
1764904411871,3,36,2,42
1764904411916,0,40,3,44
1764904411957,1,37,2,41
1764904412001,0,37,2,40
1764904412044,0,39,2,43
1764904412098,0,40,11,53
1764904412142,0,33,7,41
Timestamp(ms),Preprocess(ms),Infer(ms),Postprocess(ms),Total(ms)
1764904455954,0,48,6,55
1764904456010,0,36,17,54
1764904456046,0,28,6,35
1764904456086,0,36,3,40
1764904456136,0,39,10,50
1764904456176,0,35,3,39
1764904456217,0,35,4,40
1764904456263,0,37,6,44
1764904456303,5,31,3,40
1764904456345,0,38,2,41
1764904456388,1,39,2,43
1764904456432,0,39,3,43
1764904456475,0,39,3,43
1764904456518,0,39,2,42
1764904456561,0,39,2,42
1764904456605,0,40,2,43
1764904456648,0,39,2,43
1764904456692,0,39,3,43
1764904456735,0,39,2,42
1764904456778,0,39,3,43
1764904456821,0,39,2,42
1764904456867,0,41,2,44
1764904456908,0,36,2,40
1764904456952,0,39,3,43
1764904456995,0,38,3,43
1764904457038,0,38,2,42
1764904457081,0,39,2,42
1764904457125,0,40,2,43
1764904457170,0,39,3,44
1764904457219,1,39,8,48
1764904457259,0,31,6,38
1764904457302,2,35,4,42
1764904457342,0,33,3,37
1764904457402,0,44,13,58
1764904457439,1,33,3,37
1764904457484,0,38,4,43
1764904457526,0,36,3,41
1764904457568,1,36,2,40
1764904457612,0,38,3,43
1764904457655,0,39,2,42
1764904457698,0,39,3,42
1764904457741,0,39,2,42
1764904457784,0,39,2,42
1764904457827,0,40,2,43
1764904457871,0,39,2,43
1764904457915,0,39,3,44
1764904457958,0,38,2,42
1764904458000,1,38,2,42
1764904458044,1,39,2,43
1764904458087,0,39,2,42
1764904458130,0,39,2,42
1764904458173,0,40,2,43
1764904458220,0,41,4,46
1764904458260,2,34,2,39
1764904458304,0,39,2,42
1764904458346,0,39,2,42
1764904458390,0,39,3,44
1764904458433,0,39,2,42
1764904458476,0,39,2,43
1764904458520,0,39,3,43
1764904458564,0,39,2,43
1764904458606,0,38,2,42
1764904458649,0,37,2,40
1764904458692,0,40,2,43
1764904458735,0,40,2,43
1764904458779,0,39,2,43
1764904458822,0,40,2,43
1764904458866,0,40,2,43
1764904458909,0,39,2,42
1764904458952,0,40,2,43
1764904458996,0,39,2,42
1764904459038,0,39,2,42
1764904459082,0,39,3,43
1764904459125,0,39,2,42
1764904459168,0,37,2,40
1764904459212,3,37,2,43
1764904459255,0,39,2,43
1764904459300,0,40,4,45
1764904459343,0,37,3,42
1764904459385,0,38,2,42
1764904459428,1,39,2,42
1764904459472,0,40,2,43
1764904459514,0,39,2,42
1764904459559,0,40,3,44
1764904459603,0,38,4,43
1764904459646,0,36,4,41
1764904459688,0,37,2,41
1764904459732,0,39,3,43
1764904459775,0,39,2,42
1764904459817,0,39,2,42
1764904459863,0,41,3,45
1764904459904,0,36,2,40
1764904459948,0,38,2,41
1764904459990,0,39,2,42
1764904460035,0,41,2,44
1764904460077,0,38,2,42
1764904460120,0,39,2,42
1764904460164,0,40,2,43
1764904460207,0,39,2,42
1764904460250,0,39,2,42
1764904460298,0,41,4,47
1764904460337,0,34,2,38
1764904460380,0,39,2,42
1764904460423,0,40,2,43
1764904460467,0,39,2,43
1764904460511,0,39,3,44
1764904460555,0,38,3,43
1764904460597,0,36,2,40
1764904460642,3,37,5,45
1764904460683,3,34,2,39
1764904460728,0,38,3,43
1764904460771,0,37,4,42
1764904460812,0,38,2,41
1764904460856,0,40,2,43
1764904460899,0,39,2,42
1764904460942,0,40,2,43
1764904460985,0,39,2,42
1764904461029,0,40,2,43
1764904461072,0,40,2,43
1764904461116,0,39,2,43
1764904461159,0,39,2,43
1764904461203,0,39,3,43
1764904461246,0,38,2,42
1764904461289,0,39,2,42
1764904461333,0,40,3,44
1764904461376,1,38,2,42
1764904461419,0,38,3,43
1764904461462,0,39,2,42
1764904461505,0,38,2,41
1764904461548,0,39,2,43
1764904461591,0,39,2,42
1764904461635,0,40,2,43
1764904461678,0,39,2,43
1764904461722,0,40,2,43
1764904461764,1,36,2,40
1764904461808,0,40,2,43
1764904461851,0,39,2,43
1764904461894,0,39,2,43
1764904461937,0,37,2,40
1764904461982,0,41,2,44
1764904462025,2,37,2,42
1764904462067,0,38,2,42
1764904462111,1,39,2,43
1764904462154,0,40,2,43
1764904462197,0,39,2,42
1764904462240,0,39,2,43
1764904462283,0,40,2,43
1764904462327,0,40,2,43
1764904462370,0,38,2,41
1764904462414,0,37,3,41
1764904462457,0,39,2,42
1764904462500,0,39,2,42
1764904462544,0,40,2,43
1764904462587,0,38,2,42
1764904462631,0,39,3,43
1764904462674,0,39,2,43
1764904462717,0,38,2,42
1764904462760,1,38,2,42
1764904462803,0,39,2,43
1764904462847,0,39,3,43
1764904462890,0,39,2,42
1764904462935,0,40,4,44
1764904462977,0,37,3,41
1764904463020,0,39,3,43
1764904463062,0,39,2,42
1764904463106,0,40,2,43
1764904463149,0,39,2,42
1764904463193,0,40,2,43
1764904463235,0,39,2,42
1764904463279,0,40,2,43
1764904463322,0,39,2,42
1764904463365,0,40,2,43
1764904463409,0,39,2,43
1764904463454,0,40,4,45
1764904463495,1,37,2,40
1764904463539,0,39,2,43
1764904463601,0,44,16,61
1764904463654,0,45,3,49
1764904463697,0,33,8,42
1764904463743,9,30,3,43
1764904463791,0,33,6,40
1764904463839,5,34,7,47
1764904463877,0,33,3,37
1764904463920,0,38,2,42
1764904463963,0,39,2,42
1764904464006,0,39,2,43
1764904464049,0,39,2,42
1764904464092,0,39,2,43
1764904464136,0,39,2,42
1764904464179,0,39,2,42
1764904464222,0,40,2,43
1764904464265,0,39,2,42
1764904464308,1,39,2,42
1764904464352,0,40,2,43
1764904464395,0,39,2,42
1764904464438,0,40,2,43
1764904464482,0,39,3,43
1764904464526,0,38,3,42
1764904464571,0,38,5,45
1764904464620,0,38,10,49
1764904464661,0,31,3,35
1764904464707,0,37,6,45
1764904464748,3,32,4,40
1764904464792,0,38,4,43
1764904464833,0,37,3,41
1764904464875,0,36,2,39
1764904464920,0,39,3,43
1764904464962,0,38,2,42
1764904465005,0,38,2,41
1764904465052,0,41,3,46
1764904465092,1,36,2,40
1764904465136,0,39,3,43
1764904465181,0,39,4,44
1764904465223,0,37,3,41
1764904465265,0,38,2,41
1764904465309,0,40,3,44
1764904465354,0,38,4,43
1764904465395,1,37,2,40
1764904465438,0,39,2,42
1764904465482,0,40,2,43
1764904465525,1,38,2,42
1764904465568,0,39,2,42
1764904465615,0,40,6,47
1764904465656,0,35,3,40
1764904465698,0,38,2,42
1764904465742,0,39,2,43
1764904465784,0,39,2,42
1764904465828,0,39,2,43
1764904465871,0,39,2,43
1764904465914,0,39,2,43
1764904465958,0,39,2,43
1764904466001,0,39,2,42
1764904466046,0,40,3,45
1764904466090,1,36,4,43
1764904466130,0,37,2,40
1764904466174,0,40,2,43
1764904466217,0,39,2,43
1764904466260,0,39,2,42
1764904466304,0,40,2,43
1764904466346,0,39,2,42
1764904466390,0,40,2,43
1764904466433,0,40,2,43
1764904466477,0,40,2,44
1764904466520,0,39,2,42
1764904466563,0,39,2,42
1764904466606,0,40,2,43
1764904466649,0,40,2,43
1764904466692,0,40,2,43
1764904466736,0,40,2,43
1764904466779,0,39,2,42
1764904466823,0,40,2,44
1764904466866,0,39,2,43
1764904466909,0,38,2,42
1764904466952,0,38,2,41
1764904466995,0,39,2,42
1764904467039,0,40,3,44
1764904467082,0,39,2,42
1764904467125,0,39,2,42
1764904467168,0,40,2,43
1764904467211,0,39,2,43
1764904467255,0,40,2,43
1764904467300,0,41,3,45
1764904467342,0,35,2,39
1764904467386,0,39,3,43
1764904467428,0,38,2,42
1764904467472,2,37,2,43
1764904467516,0,39,3,43
1764904467558,0,38,2,42
1764904467603,2,39,2,44
1764904467645,0,36,2,40
1764904467688,0,39,2,42
1764904467731,0,39,2,42
1764904467775,0,40,3,44
1764904467817,1,37,2,41
1764904467862,0,38,3,43
1764904467905,2,36,3,42
1764904467947,0,39,2,42
1764904467991,0,40,2,43
1764904468035,1,38,3,44
1764904468077,1,38,2,41
1764904468121,0,39,3,43
1764904468164,0,38,3,42
1764904468207,0,38,2,42
1764904468250,0,39,2,42
1764904468293,0,39,2,43
1764904468336,0,40,2,43
1764904468380,0,40,3,44
1764904468423,0,39,2,42
1764904468466,0,40,2,43
1764904468509,0,40,2,43
1764904468553,0,40,2,43
1764904468596,0,40,2,43
1764904468639,0,39,2,43
1764904468682,0,39,2,42
1764904468726,0,40,2,43
1764904468769,0,39,2,42
1764904468812,0,40,2,43
1764904468857,0,40,2,44
1764904468899,0,38,2,41
1764904468946,0,40,5,47
1764904468986,0,34,3,38
1764904469030,0,39,2,43
1764904469075,1,36,5,43
1764904469116,1,34,3,40
1764904469159,1,38,3,42
1764904469203,1,38,3,42
1764904469246,0,38,4,43
1764904469290,2,36,4,43
1764904469332,0,37,3,41
1764904469376,0,38,3,43
1764904469425,1,40,7,49
1764904469468,2,33,3,39
1764904469510,0,33,4,38
1764904469552,2,36,2,41
1764904469594,0,39,2,42
1764904469639,3,38,2,44
1764904469681,0,38,2,41
1764904469724,0,40,2,43
1764904469768,0,40,2,43
1764904469811,0,39,2,42
1764904469854,0,39,2,43
1764904469898,0,39,2,43
1764904469941,0,39,2,43
1764904469985,0,40,2,43
1764904470027,0,39,2,42
1764904470070,0,39,2,42
1764904470114,0,39,2,43
1764904470157,0,39,2,42
1764904470200,0,40,2,43
1764904470243,0,40,2,43
1764904470286,0,39,2,42
1764904470330,0,40,2,43
1764904470375,0,40,4,44
1764904470418,0,36,4,41
1764904470459,0,38,2,41
1764904470503,0,40,2,43
1764904470546,0,40,2,43
1764904470590,0,39,2,42
1764904470633,0,38,2,41
1764904470676,0,39,2,42
1764904470719,0,39,2,43
1764904470763,0,40,2,43
1764904470806,0,39,2,42
1764904470850,0,39,3,44
1764904470893,0,39,2,42
1764904470937,0,37,4,42
1764904470981,1,36,4,42
1764904471023,0,38,3,42
1764904471066,0,39,2,42
1764904471109,0,39,2,42
1764904471153,0,39,2,43
1764904471199,0,42,3,46
1764904471242,0,36,5,42
1764904471282,0,36,2,40
1764904471325,0,39,2,43
1764904471371,0,39,4,45
1764904471413,0,37,4,42
1764904471457,0,39,3,43
1764904471501,0,37,4,42
1764904471542,0,37,2,41
1764904471585,0,39,2,42
1764904471629,0,39,3,43
1764904471672,0,39,2,42
1764904471716,0,39,3,43
1764904471764,1,38,7,47
1764904471802,1,33,3,38
1764904471845,2,37,3,43
1764904471892,1,39,3,44
1764904471934,0,34,2,38
1764904471982,0,41,4,47
1764904472024,3,29,6,39
1764904472065,0,35,3,40
1764904472113,1,34,8,44
1764904472152,0,33,5,39
1764904472219,0,37,27,65
1764904472255,0,28,7,36
1764904472299,1,33,8,43
1764904472342,0,36,5,42
1764904472387,4,33,4,43
1764904472440,0,37,14,52
1764904472482,0,36,4,41
1764904472524,0,37,3,42
1764904472567,0,36,3,40
1764904472612,1,38,3,43
1764904472671,4,37,14,56
1764904472706,0,30,3,34
1764904472748,0,35,2,39
1764904472802,0,41,11,53
1764904472842,0,31,6,39
1764904472883,0,37,3,41
1764904472939,0,35,17,54
1764904472976,0,30,5,36
1764904473019,3,30,4,39
1764904473066,6,35,5,47
1764904473112,0,33,11,45
1764904473152,0,31,6,39
1764904473194,0,35,6,42
1764904473236,0,30,5,36
1764904473277,0,33,2,36
1764904473320,0,39,2,43
1764904473367,0,42,3,46
1764904473407,0,36,2,39
1764904473452,0,40,4,45
1764904473493,0,37,2,40
1764904473538,0,39,3,44
1764904473582,0,39,2,43
1764904473623,0,37,2,40
1764904473667,1,38,2,42
1764904473710,0,39,3,43
1764904473753,0,39,2,42
1764904473797,0,39,3,44
1764904473839,0,38,2,41
1764904473883,0,38,2,42
1764904473926,0,39,2,42
1764904473970,0,40,2,43
1764904474015,0,40,3,44
1764904474056,0,37,2,40
1764904474099,0,39,2,43
1764904474142,0,40,2,43
1764904474191,1,37,7,46
1764904474229,0,34,2,37
1764904474275,0,42,2,45
1764904474317,0,37,4,42
1764904474363,0,37,6,45
1764904474402,0,35,2,38
1764904474445,0,38,2,42
1764904474488,0,39,2,42
1764904474532,0,39,2,43
1764904474576,0,40,2,43
1764904474619,0,39,2,42
1764904474662,1,39,2,42
1764904474705,0,40,2,43
1764904474748,0,39,2,42
1764904474791,0,39,2,42
1764904474835,0,40,2,43
1764904474878,0,39,2,42
1764904474922,0,40,2,44
1764904474965,1,38,2,42
1764904475009,0,40,2,44
1764904475052,0,38,3,41
1764904475095,0,38,2,42
1764904475139,1,37,4,43
1764904475182,0,38,3,43
1764904475225,1,37,3,42
1764904475270,0,40,3,45
1764904475315,0,39,3,44
1764904475355,0,34,3,38
1764904475401,3,35,6,46
1764904475452,0,36,13,50
1764904475492,0,31,7,39
1764904475535,0,31,5,38
1764904475574,1,35,2,39
1764904475618,1,39,3,43
1764904475661,1,38,2,42
1764904475704,0,39,2,42
1764904475747,0,39,2,42
1764904475791,0,38,3,42
1764904475834,0,38,2,42
1764904475877,0,39,2,42
1764904475920,0,39,2,43
1764904475963,0,39,2,42
1764904476007,0,39,2,42
1764904476051,0,40,2,43
1764904476094,0,38,2,42
1764904476137,0,39,2,42
1764904476180,0,39,2,42
1764904476224,0,40,2,43
1764904476268,1,40,2,44
1764904476310,0,38,2,42
1764904476356,0,39,5,46
1764904476396,0,36,2,39
1764904476444,0,40,6,47
1764904476483,0,35,2,38
1764904476527,0,39,3,43
1764904476571,2,36,3,42
1764904476613,0,38,2,41
1764904476655,0,39,2,42
1764904476700,0,39,3,43
1764904476743,1,38,2,42
1764904476786,1,38,3,43
1764904476830,1,38,3,43
1764904476872,0,38,2,42
1764904476915,0,39,2,42
1764904476958,0,40,2,43
1764904477002,0,40,2,44
1764904477046,0,39,2,42
1764904477098,0,43,7,51
1764904477134,0,31,2,34
1764904477182,0,41,4,46
1764904477221,0,34,2,38
1764904477264,0,39,2,42
1764904477307,0,39,2,43
1764904477353,0,38,4,44
1764904477393,0,36,2,39
1764904477436,0,39,2,42
1764904477480,0,40,2,43
1764904477524,0,36,3,40
1764904477567,0,39,3,43
1764904477611,0,40,2,44
1764904477653,0,38,2,41
1764904477696,0,39,2,42
1764904477740,0,38,3,42
1764904477784,1,35,3,41
1764904477828,0,37,5,43
1764904477869,0,37,2,40
1764904477912,0,40,2,43
1764904477956,0,39,2,43
1764904477999,0,39,2,42
1764904478042,0,38,2,41
1764904478087,0,39,3,44
1764904478130,0,39,3,43
1764904478172,0,38,2,41
1764904478215,0,39,2,42
1764904478258,0,39,2,42
1764904478302,0,39,2,43
1764904478346,0,39,2,43
1764904478388,0,39,2,42
1764904478431,0,40,2,43
1764904478475,0,38,2,42
1764904478519,0,39,4,44
1764904478565,0,38,6,45
1764904478604,0,35,2,38
1764904478647,0,39,2,42
1764904478691,0,39,2,43
1764904478734,0,40,2,43
1764904478778,0,40,2,43
1764904478820,0,39,2,42
1764904478864,0,40,2,43
1764904478907,0,40,2,43
1764904478950,0,40,2,43
1764904478994,0,40,2,43
1764904479037,0,39,2,43
1764904479080,0,39,2,42
1764904479124,0,39,2,43
1764904479167,0,39,2,42
1764904479210,0,39,2,43
1764904479253,0,39,2,42
1764904479296,1,37,2,41
1764904479339,0,39,2,42
1764904479383,0,40,2,43
1764904479427,0,40,2,43
1764904479470,1,38,2,43
1764904479514,1,39,3,43
1764904479557,3,35,2,41
1764904479600,0,38,3,42
1764904479644,0,37,3,42
1764904479686,0,37,2,41
1764904479730,0,39,3,44
1764904479773,0,36,2,39
1764904479816,0,39,2,42
1764904479859,0,39,2,43
1764904479902,0,39,2,42
1764904479945,0,39,2,43
1764904479989,1,37,3,41
1764904480033,0,38,3,43
1764904480076,0,38,3,42
1764904480118,1,38,2,41
1764904480161,0,40,2,43
1764904480204,0,39,2,43
1764904480249,0,40,2,43
1764904480291,0,39,2,42
1764904480334,0,39,2,43
1764904480378,0,39,2,42
1764904480421,0,40,2,43
1764904480464,0,39,2,42
1764904480507,0,39,2,43
1764904480551,0,40,2,44
1764904480594,0,39,2,42
1764904480637,1,38,2,42
1764904480680,0,39,2,43
1764904480725,0,41,2,44
1764904480768,1,36,3,40
1764904480810,0,38,2,41
1764904480854,0,40,2,44
1764904480897,0,38,2,41
1764904480940,0,39,2,42
1764904480983,0,40,2,43
1764904481026,0,40,2,43
1764904481070,0,40,2,43
1764904481113,0,39,2,43
1764904481156,0,39,2,43
1764904481200,0,40,2,43
1764904481243,0,39,2,42
1764904481290,0,40,6,47
1764904481331,2,35,2,40
1764904481373,1,37,2,41
1764904481418,0,42,2,45
1764904481467,0,40,7,48
1764904481531,0,47,3,52
1764904481588,1,47,6,55
1764904481629,0,35,3,39
1764904481680,1,44,4,50
1764904481716,1,30,4,35
1764904481757,1,36,2,40
1764904481801,0,40,2,44
1764904481843,3,36,2,42
1764904481886,3,36,2,42
1764904481929,0,39,2,42
1764904481972,0,39,2,43
1764904482016,0,39,2,42
1764904482060,0,39,2,43
1764904482102,0,38,2,41
1764904482145,0,40,2,43
1764904482189,0,40,2,43
1764904482233,0,37,3,42
1764904482276,0,39,2,42
1764904482318,0,38,2,41
1764904482362,0,40,2,43
1764904482405,0,37,2,40
1764904482448,0,39,2,42
1764904482492,0,39,2,43
1764904482535,0,39,2,42
1764904482579,0,39,2,43
1764904482621,0,39,2,42
1764904482665,0,40,2,43
1764904482708,0,39,2,42
1764904482751,0,39,2,42
1764904482795,0,39,2,43
1764904482838,0,39,2,43
1764904482881,0,37,2,41
1764904482927,0,41,3,46
1764904482969,1,36,4,41
1764904483013,0,38,3,43
1764904483055,0,37,3,42
1764904483099,1,38,3,43
1764904483142,0,38,3,43
1764904483186,0,38,4,44
1764904483228,0,37,3,41
1764904483270,0,38,2,42
1764904483315,0,39,3,44
1764904483358,0,37,3,42
1764904483401,0,38,3,42
1764904483445,0,39,3,43
1764904483489,0,38,3,43
1764904483533,1,39,2,43
1764904483574,0,34,3,37
1764904483617,0,38,2,42
1764904483661,0,37,3,42
1764904483704,0,38,3,42
1764904483746,1,35,2,39
1764904483790,0,40,2,43
1764904483833,0,37,2,40
1764904483876,0,40,2,43
1764904483921,0,40,3,44
1764904483963,3,36,2,41
1764904484006,0,40,2,43
1764904484050,0,38,2,41
1764904484092,0,39,2,42
1764904484136,0,40,2,43
1764904484179,0,39,2,42
1764904484223,0,40,2,43
1764904484265,0,39,2,42
1764904484309,0,40,2,43
1764904484352,0,40,2,43
1764904484396,0,39,2,43
1764904484439,0,39,2,42
1764904484482,0,39,2,42
1764904484525,0,40,2,43
1764904484569,0,40,2,43
1764904484612,0,39,2,42
1764904484656,0,39,2,43
1764904484699,1,39,3,43
1764904484743,0,39,3,43
1764904484787,1,38,4,43
1764904484830,1,37,4,43
1764904484872,0,37,3,42
1764904484915,0,39,2,42
1764904484958,0,39,2,42
1764904485002,0,39,3,43
1764904485046,0,40,2,44
1764904485088,0,36,2,39
1764904485132,0,39,2,42
1764904485174,0,36,2,39
1764904485219,0,39,2,43
1764904485262,0,38,3,42
1764904485305,0,38,3,43
1764904485348,0,38,2,42
1764904485391,0,39,2,42
1764904485434,0,40,2,43
1764904485478,0,40,2,43
1764904485521,0,39,2,42
1764904485564,0,39,2,42
1764904485607,0,40,2,43
1764904485650,0,39,2,42
1764904485694,0,40,2,44
1764904485737,0,39,2,42
1764904485781,0,39,2,43
1764904485823,0,39,2,42
1764904485867,0,40,2,43
1764904485910,0,39,2,43
1764904485954,0,39,2,43
1764904485997,0,39,2,43
1764904486040,0,39,2,42
1764904486083,0,39,2,43
1764904486127,0,40,2,43
1764904486171,0,39,4,44
1764904486215,0,38,4,43
1764904486257,0,36,3,40
1764904486299,0,39,2,42
1764904486343,1,39,2,43
1764904486388,1,40,2,44
1764904486432,0,37,4,43
1764904486473,0,36,3,40
1764904486517,0,38,4,44
1764904486559,0,38,2,41
1764904486602,0,39,2,43
1764904486648,0,39,5,45
1764904486691,0,37,4,42
1764904486735,1,36,5,43
1764904486776,1,33,2,37
1764904486819,0,38,2,42
1764904486862,0,38,3,42
1764904486905,0,37,2,40
1764904486949,0,39,2,43
1764904486992,0,39,2,43
1764904487037,0,38,4,43
1764904487081,0,38,5,44
1764904487122,0,36,2,40
1764904487167,0,39,4,44
1764904487209,0,37,3,42
1764904487252,1,36,3,40
1764904487295,0,38,2,42
1764904487340,1,38,4,44
1764904487387,1,37,7,46
1764904487426,0,35,3,39
1764904487468,0,36,2,39
1764904487511,0,39,2,42
1764904487556,1,40,3,45
1764904487598,0,37,2,41
1764904487642,0,40,2,44
1764904487684,0,38,2,41
1764904487727,0,39,2,42
1764904487771,0,39,2,43
1764904487822,0,45,5,50
1764904487867,3,35,5,44
1764904487911,0,34,4,39
1764904487954,0,35,5,41
1764904488001,0,37,8,47
1764904488038,0,32,3,37
1764904488081,0,39,2,42
1764904488124,0,39,2,42
1764904488171,0,42,3,46
1764904488211,1,35,2,39
1764904488254,0,39,3,43
1764904488297,0,39,2,42
1764904488340,0,39,2,42
1764904488384,0,40,2,43
1764904488427,0,39,2,43
1764904488470,0,39,2,42
1764904488514,0,40,2,43
1764904488556,0,39,2,42
1764904488600,0,40,2,43
1764904488645,0,39,4,44
1764904488689,0,37,5,43
1764904488730,0,37,2,40
1764904488773,0,39,2,42
1764904488816,0,39,2,42
1764904488859,0,39,2,42
1764904488904,0,38,3,42
1764904488946,0,38,2,42
1764904488990,0,39,3,43
1764904489033,0,39,2,42
1764904489077,0,39,3,44
1764904489119,0,37,2,41
1764904489165,1,39,5,45
1764904489206,0,36,2,40
1764904489249,0,39,2,43
1764904489292,0,39,2,42
1764904489335,0,39,2,42
1764904489379,0,40,2,44
1764904489422,1,39,2,43
1764904489466,0,38,2,42
1764904489511,0,40,3,44
1764904489551,0,37,2,40
1764904489595,1,39,2,43
1764904489653,0,41,15,57
1764904489700,1,31,13,46
1764904489734,0,27,3,31
Timestamp(ms),Preprocess(ms),Infer(ms),Postprocess(ms),Total(ms)
1764904604602,0,51,5,57
1764904604660,0,40,17,58
1764904604707,5,28,4,39
1764904604749,1,37,3,41
1764904604795,0,40,3,45
1764904604836,0,35,4,40
1764904604887,0,38,10,50
1764904604935,0,35,11,47
1764904604970,0,28,3,33
1764904605014,0,40,2,44
1764904605056,0,36,2,39
1764904605100,0,39,3,43
1764904605143,0,38,3,43
1764904605185,0,38,2,42
1764904605228,0,39,2,42
1764904605272,0,40,2,43
1764904605315,0,39,2,42
1764904605358,0,39,2,43
1764904605402,0,40,2,43
1764904605445,0,38,2,42
1764904605489,0,40,3,44
1764904605532,0,38,2,41
1764904605574,0,39,2,42
1764904605622,0,39,7,48
1764904605666,0,35,5,40
1764904605726,3,44,11,59
1764904605767,7,27,5,40
1764904605820,7,31,7,47
1764904605876,0,47,2,51
1764904605908,0,29,2,32
1764904605952,0,39,2,43
1764904605994,0,39,2,42
1764904606038,0,40,2,43
1764904606081,0,39,2,43
1764904606124,0,39,2,42
1764904606169,0,40,3,44
1764904606212,0,38,2,41
1764904606255,0,39,3,43
1764904606298,0,38,3,42
1764904606341,0,38,2,41
1764904606384,0,39,3,43
1764904606428,0,39,3,43
1764904606471,0,39,3,43
1764904606513,1,38,2,42
1764904606558,0,40,3,43
1764904606600,1,38,2,41
1764904606644,1,39,3,44
1764904606686,0,38,2,42
1764904606730,0,39,2,43
1764904606773,0,39,2,43
1764904606816,0,39,2,43
1764904606860,0,39,2,43
1764904606903,0,39,2,42
1764904606946,0,40,2,43
1764904606989,0,39,2,42
1764904607033,0,39,3,43
1764904607078,0,39,4,44
1764904607119,0,36,2,40
1764904607163,0,39,3,43
1764904607206,0,39,2,42
1764904607249,0,40,2,43
1764904607292,0,39,2,42
1764904607337,1,39,4,45
1764904607378,1,37,2,40
1764904607422,0,39,2,42
1764904607466,0,40,3,44
1764904607508,0,36,2,40
1764904607553,0,39,3,44
1764904607595,0,38,2,41
1764904607638,0,39,2,43
1764904607682,0,40,2,43
1764904607725,0,39,3,43
1764904607769,0,39,3,43
1764904607811,1,37,2,42
1764904607854,0,39,2,42
1764904607898,0,40,2,43
1764904607941,1,37,2,41
1764904607986,3,36,4,44
1764904608031,1,39,2,43
1764904608071,0,36,2,39
1764904608116,0,39,4,44
1764904608158,0,38,2,41
1764904608202,0,40,2,43
1764904608244,0,38,2,42
1764904608287,0,39,2,42
1764904608332,0,40,3,44
1764904608374,0,38,2,41
1764904608417,0,39,2,42
1764904608461,0,40,2,43
1764904608504,0,38,2,42
1764904608547,0,39,2,42
1764904608590,0,39,2,43
1764904608636,0,39,4,45
1764904608678,0,36,4,41
1764904608720,0,38,2,41
1764904608763,0,39,2,43
1764904608808,0,39,4,44
1764904608849,0,36,2,39
1764904608894,0,41,2,44
1764904608936,0,38,2,41
1764904608980,0,40,2,43
1764904609022,0,39,2,42
1764904609066,0,39,3,43
1764904609109,0,39,2,42
1764904609153,0,40,2,43
1764904609196,0,39,2,43
1764904609239,0,37,2,40
1764904609283,0,40,2,44
1764904609326,0,39,2,42
1764904609368,1,38,2,42
1764904609412,0,38,2,41
1764904609455,0,39,2,42
1764904609500,0,40,3,44
1764904609541,1,36,2,40
1764904609585,0,39,2,43
1764904609628,0,39,2,42
1764904609672,0,39,3,44
1764904609716,0,38,4,43
1764904609758,1,37,2,41
1764904609801,0,39,2,42
1764904609847,0,39,4,45
1764904609889,0,35,3,39
1764904609931,0,39,2,42
1764904609977,0,39,5,45
1764904610018,0,36,2,40
1764904610062,0,40,2,43
1764904610104,0,38,2,42
1764904610148,0,39,2,42
1764904610191,0,39,2,43
1764904610234,2,38,2,43
1764904610277,0,39,2,42
1764904610320,0,40,2,43
1764904610364,0,40,2,44
1764904610407,1,38,2,42
1764904610450,0,39,2,43
1764904610493,0,39,2,42
1764904610537,0,39,3,43
1764904610579,0,39,2,42
1764904610624,0,39,3,44
1764904610666,0,37,2,41
1764904610711,0,39,3,44
1764904610753,0,38,2,41
1764904610797,0,40,3,44
1764904610839,0,38,2,41
1764904610883,0,40,2,43
1764904610926,0,39,3,43
1764904610970,0,37,2,41
1764904611012,1,36,2,39
1764904611055,0,39,2,42
1764904611099,1,39,2,43
1764904611142,1,39,2,42
1764904611185,0,39,2,43
1764904611229,0,39,2,43
1764904611272,0,39,2,42
1764904611315,0,39,2,43
1764904611359,0,38,3,42
1764904611402,0,38,2,42
1764904611445,0,39,2,42
1764904611491,1,41,2,45
1764904611532,0,37,3,41
1764904611575,0,39,2,42
1764904611618,0,39,2,42
1764904611661,0,39,2,43
1764904611706,0,39,4,44
1764904611748,0,38,2,41
1764904611792,0,39,3,43
1764904611834,0,38,2,41
1764904611878,0,39,3,43
1764904611921,0,39,2,42
1764904611964,0,39,2,42
1764904612008,0,39,3,44
1764904612051,1,36,2,41
1764904612094,0,39,2,42
1764904612139,0,39,4,45
1764904612180,0,37,2,40
1764904612223,0,39,2,42
1764904612277,0,44,8,53
1764904612335,0,42,8,51
1764904612377,0,34,7,42
1764904612429,0,42,8,51
1764904612474,8,30,2,41
1764904612518,0,39,3,43
1764904612560,1,38,2,42
1764904612604,0,34,3,38
1764904612647,0,39,2,42
1764904612691,0,40,2,44
1764904612733,0,38,2,41
1764904612776,0,39,2,43
1764904612821,0,40,3,44
1764904612863,0,38,2,41
1764904612906,0,39,2,43
1764904612949,0,39,2,42
1764904612993,0,40,2,43
1764904613036,0,39,2,42
1764904613080,0,39,3,43
1764904613123,1,39,3,43
1764904613166,0,39,2,42
1764904613209,0,39,2,42
1764904613252,0,39,3,43
1764904613295,1,38,2,42
1764904613339,0,40,2,43
1764904613382,0,39,2,42
1764904613425,0,39,2,42
1764904613468,0,40,2,42
1764904613511,0,40,2,43
1764904613559,0,39,6,47
1764904613599,0,35,3,40
1764904613642,0,39,2,42
1764904613686,0,40,2,44
1764904613729,0,38,3,42
1764904613772,2,36,3,41
1764904613816,0,38,4,43
1764904613858,0,37,3,41
1764904613903,0,40,2,44
1764904613944,0,37,2,41
1764904613987,0,39,2,42
1764904614031,0,39,2,43
1764904614074,1,38,2,42
1764904614117,0,39,2,42
1764904614161,0,39,2,43
1764904614205,0,39,3,43
1764904614247,0,38,2,42
1764904614290,0,39,2,43
1764904614333,0,39,2,42
1764904614376,0,40,2,43
1764904614420,0,38,2,42
1764904614464,2,38,2,43
1764904614507,0,39,2,43
1764904614550,0,39,3,43
1764904614593,0,39,2,42
1764904614637,0,39,3,43
1764904614680,0,39,2,43
1764904614723,0,38,2,42
1764904614767,0,40,2,43
1764904614810,0,38,3,42
1764904614853,0,36,3,40
1764904614896,0,38,3,42
1764904614940,0,39,2,43
1764904614982,1,38,2,42
1764904615026,0,39,2,43
1764904615069,0,39,2,43
1764904615113,0,39,2,43
1764904615156,0,39,2,42
1764904615199,0,38,2,42
1764904615243,0,39,3,43
1764904615285,0,38,2,42
1764904615328,0,39,2,42
1764904615371,0,39,2,42
1764904615415,0,40,2,43
1764904615458,1,39,2,42
1764904615501,0,40,2,43
1764904615546,0,39,3,44
1764904615588,0,38,2,42
1764904615632,0,39,2,43
1764904615674,0,38,2,41
1764904615718,0,39,2,43
1764904615761,0,36,2,40
1764904615805,0,38,3,42
1764904615847,0,38,2,42
1764904615891,0,39,2,43
1764904615933,0,39,2,42
1764904615979,0,40,4,45
1764904616022,1,35,3,41
1764904616064,0,38,2,41
1764904616106,0,39,2,42
1764904616150,0,40,2,43
1764904616195,0,40,3,44
1764904616238,0,38,3,42
1764904616280,0,38,2,41
1764904616326,0,39,5,45
1764904616367,1,36,3,40
1764904616410,0,39,2,42
1764904616454,0,37,3,41
1764904616496,0,38,2,41
1764904616541,0,39,3,44
1764904616583,0,37,2,41
1764904616626,0,39,2,43
1764904616670,0,38,3,43
1764904616713,0,38,3,42
1764904616756,0,39,2,42
1764904616800,0,39,3,43
1764904616843,0,38,3,42
1764904616887,0,39,3,43
1764904616929,0,38,3,42
1764904616972,0,38,2,42
1764904617015,1,39,2,43
1764904617058,0,39,2,43
1764904617103,0,41,2,44
1764904617145,0,38,2,42
1764904617189,3,37,3,43
1764904617231,0,39,2,42
1764904617275,0,40,2,43
1764904617318,0,39,2,42
1764904617362,0,37,3,42
1764904617404,0,38,2,41
1764904617448,0,39,2,43
1764904617493,0,38,4,44
1764904617534,2,35,2,40
1764904617578,0,39,2,43
1764904617620,0,39,2,42
1764904617664,0,39,2,43
1764904617708,0,39,3,44
1764904617751,0,39,3,43
1764904617793,0,38,2,41
1764904617838,0,41,2,44
1764904617881,0,38,3,42
1764904617923,0,38,2,42
1764904617967,0,38,2,42
1764904618010,0,39,3,43
1764904618054,0,39,3,43
1764904618098,0,38,4,44
1764904618143,0,40,3,44
1764904618184,0,31,2,35
1764904618232,0,41,5,47
1764904618274,0,34,7,41
1764904618317,0,34,7,42
1764904618356,0,35,2,38
1764904618399,0,39,2,43
1764904618443,0,40,2,43
1764904618486,0,39,2,42
1764904618530,0,39,3,44
1764904618575,0,40,4,44
1764904618616,0,36,2,40
1764904618660,0,39,3,43
1764904618704,0,38,4,43
1764904618746,0,37,2,41
1764904618790,0,39,3,43
1764904618832,0,38,2,41
1764904618876,0,40,3,44
1764904618919,0,39,2,43
1764904618962,0,39,2,43
1764904619005,0,39,2,42
1764904619049,0,40,2,43
1764904619095,0,41,3,45
1764904619137,0,38,3,42
1764904619178,0,36,2,40
1764904619222,0,39,3,43
1764904619266,1,39,3,44
1764904619309,0,38,4,43
1764904619353,0,38,4,43
1764904619399,0,38,6,45
1764904619439,0,35,3,39
1764904619482,0,38,3,43
1764904619524,2,37,2,41
1764904619569,0,41,2,44
1764904619611,0,38,2,41
1764904619654,0,40,2,43
1764904619697,0,39,2,42
1764904619741,2,38,3,43
1764904619784,0,39,2,42
1764904619828,0,39,2,43
1764904619870,0,38,2,41
1764904619915,0,40,3,44
1764904619957,0,38,2,41
1764904620004,0,39,6,46
1764904620044,1,35,2,39
1764904620087,0,39,2,42
1764904620131,0,40,3,44
1764904620174,0,38,2,42
1764904620216,0,37,2,41
1764904620260,0,39,2,43
1764904620304,0,40,2,44
1764904620349,0,38,5,45
1764904620392,0,38,3,42
1764904620433,1,36,2,40
1764904620478,0,40,3,44
1764904620520,1,35,2,39
1764904620563,0,39,2,43
1764904620606,0,39,2,43
1764904620649,0,39,2,42
1764904620693,0,39,2,43
1764904620736,0,39,2,43
1764904620779,0,39,2,42
1764904620823,0,39,2,43
1764904620866,0,39,2,43
1764904620911,0,39,4,44
1764904620952,0,37,2,40
1764904620995,0,39,2,43
1764904621038,0,39,2,42
1764904621083,0,39,2,42
1764904621125,0,37,2,40
1764904621168,0,39,2,43
1764904621213,0,38,3,43
1764904621255,0,38,2,41
1764904621299,0,40,2,44
1764904621341,0,38,2,41
1764904621385,0,39,2,43
1764904621429,0,39,3,43
1764904621471,0,39,2,42
1764904621514,0,39,2,43
1764904621557,0,39,2,43
1764904621601,0,39,2,43
1764904621644,0,39,2,42
1764904621688,0,40,2,43
1764904621731,0,39,2,42
1764904621774,0,39,2,42
1764904621817,0,39,2,43
1764904621861,0,39,2,43
1764904621904,0,39,2,43
1764904621947,0,39,2,43
1764904621991,0,40,2,43
1764904622033,0,39,2,42
1764904622077,0,39,2,42
1764904622123,0,39,2,43
1764904622164,0,37,2,40
1764904622206,1,38,2,42
1764904622251,0,41,2,45
1764904622294,1,38,3,42
1764904622337,1,36,3,41
1764904622380,0,38,3,42
1764904622424,0,39,4,43
1764904622468,0,39,2,43
1764904622510,0,38,2,41
1764904622555,0,40,3,45
1764904622597,0,36,2,40
1764904622639,0,38,2,41
1764904622683,0,39,3,43
1764904622726,0,38,2,42
1764904622770,0,39,3,44
1764904622812,0,38,2,42
1764904622857,0,40,3,44
1764904622899,0,39,2,42
1764904622942,0,38,2,42
1764904622986,0,39,2,43
1764904623031,0,39,5,45
1764904623072,2,35,3,40
1764904623115,0,39,3,43
1764904623159,0,39,2,42
1764904623201,0,39,2,42
1764904623246,0,40,2,44
1764904623289,0,39,3,43
1764904623332,0,37,3,42
1764904623377,0,38,5,45
1764904623418,0,35,2,39
1764904623461,0,39,2,43
1764904623518,0,39,16,56
1764904623552,0,30,3,34
1764904623600,0,39,6,47
Timestamp(ms),Preprocess(ms),Infer(ms),Postprocess(ms),Total(ms)
1764904676366,0,50,8,60
1764904676408,0,33,6,40
1764904676460,2,34,14,51
1764904676494,0,28,4,33
1764904676535,0,36,3,41
1764904676582,0,40,5,46
1764904676622,0,34,4,39
1764904676670,0,39,5,45
1764904676709,2,31,4,38
1764904676758,0,39,8,48
1764904676812,4,43,6,53
1764904676859,1,32,7,41
1764904676905,4,30,9,45
1764904676957,3,39,8,51
1764904677001,1,33,8,43
1764904677039,0,33,4,38
1764904677080,0,35,2,39
1764904677123,0,39,2,42
1764904677167,0,40,2,43
1764904677210,0,39,2,43
1764904677254,0,39,3,43
1764904677296,0,38,2,41
1764904677340,0,40,2,43
1764904677383,0,39,2,42
1764904677427,0,40,3,44
1764904677469,0,38,2,42
1764904677512,0,39,2,42
1764904677558,0,40,3,45
1764904677599,0,38,2,41
1764904677642,0,39,2,42
1764904677686,0,38,3,42
1764904677729,0,39,2,43
1764904677772,1,36,2,40
1764904677816,0,39,2,43
1764904677859,0,39,2,42
1764904677903,0,41,2,44
1764904677946,3,35,3,41
1764904677990,0,39,3,43
1764904678032,1,37,3,42
1764904678077,0,39,4,44
1764904678123,0,37,7,45
1764904678162,0,35,3,39
1764904678205,0,35,2,39
1764904678248,0,38,2,42
1764904678294,0,41,3,46
1764904678334,0,36,2,39
1764904678377,0,40,2,43
1764904678421,0,39,2,43
1764904678465,1,39,3,44
1764904678508,3,37,2,42
1764904678551,0,37,2,40
1764904678594,0,39,2,42
1764904678637,0,39,2,43
1764904678681,0,39,2,43
1764904678724,0,39,2,43
1764904678767,0,39,2,43
1764904678810,0,39,2,43
1764904678854,0,39,2,42
1764904678896,0,39,2,42
1764904678940,0,39,2,43
1764904678985,0,39,4,44
1764904679027,0,38,2,41
1764904679070,0,39,2,42
1764904679113,0,39,2,43
1764904679156,0,39,2,42
1764904679199,0,39,2,43
1764904679243,0,39,2,43
1764904679286,0,39,2,42
1764904679329,0,39,2,43
1764904679374,0,41,3,44
1764904679417,0,37,2,41
1764904679459,0,38,2,42
1764904679502,0,39,2,42
1764904679545,0,39,2,42
1764904679590,0,41,2,44
1764904679632,0,38,2,41
1764904679675,0,39,2,42
1764904679719,0,39,2,43
1764904679762,0,39,2,42
1764904679807,0,39,3,44
1764904679848,0,38,2,41
1764904679891,0,39,2,42
1764904679934,0,39,2,43
1764904679978,0,40,3,43
1764904680022,0,39,2,43
1764904680065,0,38,3,42
1764904680108,1,39,2,43
1764904680151,0,39,2,42
1764904680194,0,40,2,43
1764904680238,0,39,2,43
1764904680281,0,39,2,43
1764904680324,0,39,2,42
1764904680368,0,39,2,43
1764904680411,0,39,2,42
1764904680454,0,39,2,42
1764904680497,0,39,2,42
1764904680542,0,40,2,44
1764904680584,0,38,2,42
1764904680628,0,39,3,43
1764904680671,0,39,3,43
1764904680714,0,38,3,42
1764904680757,0,39,2,42
1764904680801,0,39,3,43
1764904680844,0,39,3,43
1764904680887,0,38,2,42
1764904680930,0,39,2,43
1764904680973,0,39,2,42
1764904681016,0,40,2,43
1764904681060,0,40,3,44
1764904681107,0,39,6,46
1764904681146,0,35,2,38
1764904681189,0,39,2,43
1764904681232,0,39,2,43
1764904681279,0,43,2,46
1764904681320,0,36,3,41
1764904681362,0,38,2,41
1764904681405,0,40,2,43
1764904681449,0,39,2,43
1764904681493,0,39,3,44
1764904681535,0,36,2,39
1764904681579,0,38,3,42
1764904681622,0,39,2,42
1764904681665,0,39,2,43
1764904681709,0,36,2,40
1764904681752,3,36,2,42
1764904681795,0,39,2,43
1764904681840,0,38,4,43
1764904681882,0,38,2,41
1764904681925,0,39,2,42
1764904681969,0,40,3,44
1764904682012,0,38,2,42
1764904682055,0,38,3,43
1764904682098,1,37,2,42
1764904682141,0,39,2,42
1764904682184,0,39,2,43
1764904682227,0,39,2,43
1764904682271,0,40,2,43
1764904682314,0,38,2,41
1764904682357,0,40,2,43
1764904682400,0,39,2,42
1764904682447,0,43,2,46
1764904682491,0,36,6,43
1764904682531,0,35,3,39
1764904682573,0,39,2,42
1764904682620,0,39,5,46
1764904682660,0,36,2,40
1764904682704,0,39,3,44
1764904682746,0,38,2,41
1764904682789,0,39,2,43
1764904682834,0,41,2,44
1764904682877,0,39,2,42
1764904682920,0,39,2,42
1764904682963,0,39,2,42
1764904683007,0,39,3,44
1764904683054,0,38,7,46
1764904683093,0,34,3,38
1764904683136,0,38,2,42
1764904683181,0,39,3,44
1764904683223,0,38,2,41
1764904683267,1,37,3,43
1764904683309,0,38,2,42
1764904683358,0,42,5,48
1764904683416,0,44,4,50
1764904683461,2,35,7,45
1764904683502,0,35,4,41
1764904683554,1,42,8,51
1764904683590,1,29,2,33
1764904683633,0,38,2,41
1764904683677,0,39,3,43
1764904683720,1,38,2,43
1764904683764,0,37,4,42
1764904683806,1,37,2,41
1764904683849,1,36,2,40
1764904683893,0,39,2,42
1764904683939,1,40,3,45
1764904683979,0,36,2,40
1764904684023,0,39,2,43
1764904684067,1,39,3,44
1764904684109,0,38,2,41
1764904684153,0,40,3,44
1764904684196,0,38,2,42
1764904684239,0,38,2,42
1764904684282,0,39,2,43
1764904684326,0,37,3,41
1764904684368,1,38,2,41
1764904684412,0,39,2,43
1764904684457,0,39,4,45
1764904684500,0,37,3,42
1764904684542,0,37,3,42
1764904684587,0,41,2,44
1764904684628,0,35,2,39
1764904684671,0,40,2,43
1764904684715,0,39,2,42
1764904684758,0,39,2,42
1764904684803,0,39,4,44
1764904684844,0,37,2,41
1764904684888,0,39,3,43
1764904684931,0,39,2,42
1764904684974,0,39,2,42
1764904685017,0,39,2,42
1764904685061,0,40,2,43
1764904685105,0,39,3,43
1764904685147,0,38,2,41
1764904685191,0,39,3,44
1764904685234,1,36,2,41
1764904685278,0,39,3,43
1764904685320,0,38,2,41
1764904685363,0,39,2,42
1764904685407,0,40,2,43
1764904685450,0,39,2,42
1764904685494,0,40,2,44
1764904685537,0,38,2,42
1764904685580,1,35,3,40
1764904685626,2,37,5,45
1764904685666,1,36,2,40
1764904685709,1,39,2,42
1764904685752,0,39,2,42
1764904685796,0,39,3,43
1764904685839,0,38,2,42
1764904685884,3,37,3,43
1764904685927,0,37,4,42
1764904685968,1,37,2,41
1764904686013,0,40,3,44
1764904686056,0,38,2,42
1764904686101,0,39,5,45
1764904686142,0,36,2,40
1764904686186,0,39,2,43
1764904686229,0,39,2,42
1764904686273,0,39,3,44
1764904686316,1,38,3,42
1764904686358,0,38,2,42
1764904686401,1,38,2,43
1764904686447,2,37,4,45
1764904686489,0,36,3,41
1764904686535,0,37,6,44
1764904686575,2,34,3,40
1764904686618,0,37,2,41
1764904686661,0,39,2,43
1764904686704,0,39,2,42
1764904686747,0,40,2,43
1764904686791,0,40,2,43
1764904686834,0,39,2,42
1764904686877,0,39,2,42
1764904686921,0,40,2,43
1764904686964,0,39,2,42
1764904687007,0,39,2,42
1764904687051,0,39,2,43
1764904687093,2,37,2,42
1764904687137,3,37,2,43
1764904687180,0,39,2,42
1764904687225,0,40,3,44
1764904687268,2,36,3,42
1764904687310,0,38,3,42
1764904687353,0,39,2,42
1764904687396,0,39,2,43
1764904687439,0,39,2,42
1764904687483,0,40,2,43
1764904687527,1,39,3,44
1764904687569,1,37,2,41
1764904687613,3,37,2,43
1764904687656,1,39,2,43
1764904687699,0,39,2,42
1764904687742,0,39,2,43
1764904687785,0,40,2,43
1764904687830,0,39,3,43
1764904687874,0,39,3,43
1764904687916,0,36,2,40
1764904687959,0,39,2,42
1764904688002,2,38,2,43
1764904688046,0,39,2,43
1764904688088,0,36,2,40
1764904688131,0,39,2,43
1764904688177,0,41,2,45
1764904688218,0,37,2,40
1764904688261,0,39,2,42
1764904688305,0,40,2,43
1764904688348,0,39,2,42
1764904688391,0,40,2,43
1764904688435,0,39,2,42
1764904688477,0,39,2,42
1764904688523,0,41,3,45
1764904688565,0,37,2,41
1764904688608,0,39,2,42
1764904688651,0,39,2,43
1764904688695,0,39,3,44
1764904688737,0,38,2,41
1764904688781,0,40,2,43
1764904688824,0,39,3,43
1764904688869,0,38,4,43
1764904688910,0,38,2,41
1764904688954,0,39,2,43
1764904688998,0,39,3,43
1764904689043,0,42,2,45
1764904689084,0,36,3,40
1764904689128,0,39,3,43
1764904689189,1,43,16,61
1764904689229,1,29,6,37
1764904689272,4,33,4,42
1764904689323,0,43,6,50
1764904689369,0,35,8,44
1764904689406,0,29,3,33
1764904689449,0,38,2,42
1764904689493,1,39,3,43
1764904689539,0,37,6,43
1764904689579,0,36,3,40
1764904689622,0,39,3,43
1764904689665,0,38,2,42
1764904689712,0,40,5,46
1764904689752,0,36,2,39
1764904689795,0,39,2,42
1764904689838,0,39,2,43
1764904689882,0,39,3,43
1764904689925,0,39,3,42
1764904689969,0,39,4,44
1764904690011,0,36,2,39
1764904690056,0,41,3,45
1764904690098,0,37,2,41
1764904690141,0,39,3,43
1764904690184,0,38,2,42
1764904690228,0,40,2,43
1764904690271,0,39,2,43
1764904690314,0,39,2,42
1764904690359,0,39,4,44
1764904690402,0,37,4,42
1764904690444,0,37,2,41
1764904690489,0,40,3,44
1764904690530,0,37,2,40
1764904690575,0,37,4,42
1764904690618,0,38,3,42
1764904690664,0,38,6,45
1764904690704,0,36,3,39
1764904690748,1,38,4,44
1764904690791,0,37,3,42
1764904690834,0,39,2,42
1764904690876,0,39,2,42
1764904690921,0,39,3,44
1764904690965,0,37,4,43
1764904691006,0,37,2,41
1764904691049,0,39,2,42
1764904691093,1,39,2,43
1764904691137,0,39,3,44
1764904691179,2,35,3,41
1764904691222,0,39,2,42
1764904691266,0,39,2,43
1764904691309,2,37,2,43
1764904691352,0,36,2,39
1764904691396,0,39,2,43
1764904691439,0,39,2,42
1764904691482,0,39,2,43
1764904691525,0,37,2,40
1764904691569,0,40,2,43
1764904691613,0,40,2,44
1764904691655,0,38,2,41
1764904691698,0,39,2,43
1764904691741,0,39,2,42
1764904691785,0,39,2,43
1764904691829,0,39,3,43
1764904691873,0,39,4,43
1764904691914,1,37,2,41
1764904691958,0,40,2,43
1764904692001,0,39,2,42
1764904692045,0,39,2,43
1764904692087,0,39,2,42
1764904692131,0,40,2,43
1764904692174,0,39,2,42
1764904692217,0,39,2,42
1764904692262,0,39,4,45
1764904692304,1,36,2,40
1764904692348,0,39,3,44
1764904692391,0,38,3,42
1764904692435,0,39,3,43
1764904692477,0,38,2,41
1764904692521,0,39,3,43
1764904692564,0,39,3,43
1764904692607,0,39,2,43
1764904692651,0,38,3,42
1764904692693,0,38,2,42
1764904692737,0,39,2,43
1764904692780,0,38,2,42
1764904692824,0,39,3,43
1764904692866,0,38,2,41
1764904692910,0,39,3,43
1764904692954,1,38,3,43
1764904692999,0,38,5,44
1764904693039,1,36,2,40
1764904693083,0,40,3,44
1764904693126,0,38,3,42
1764904693169,0,37,3,41
1764904693212,0,36,2,39
1764904693255,0,40,2,43
1764904693299,0,39,2,43
1764904693342,0,39,2,42
1764904693385,0,40,2,43
1764904693428,0,40,2,43
1764904693471,0,39,2,43
1764904693515,0,39,2,43
1764904693558,0,40,2,43
1764904693601,0,39,2,42
1764904693645,0,39,2,42
1764904693688,0,39,2,43
1764904693731,0,38,2,41
1764904693775,0,39,3,44
1764904693818,0,38,3,42
1764904693862,0,39,3,43
1764904693905,0,38,3,42
1764904693948,0,37,2,40
1764904693991,0,39,2,43
1764904694037,0,39,5,46
1764904694082,0,37,5,44
1764904694121,0,34,3,38
1764904694165,1,37,4,42
1764904694209,0,39,3,44
1764904694252,1,35,4,41
1764904694294,1,37,3,41
1764904694338,0,39,2,43
1764904694383,0,39,4,44
1764904694423,1,36,2,40
1764904694467,0,39,2,43
1764904694510,0,39,2,42
1764904694553,0,39,2,42
1764904694596,0,39,2,43
1764904694642,0,42,2,45
1764904694683,0,36,2,40
1764904694726,0,39,2,43
1764904694769,0,39,2,43
1764904694813,0,39,2,42
1764904694857,0,38,3,42
1764904694901,0,38,4,44
1764904694944,0,37,4,43
1764904694987,0,38,2,42
1764904695029,0,38,2,41
1764904695072,0,40,2,43
1764904695116,0,37,2,41
1764904695159,0,39,2,42
1764904695202,0,38,2,41
1764904695245,0,39,2,42
1764904695289,0,39,2,43
1764904695332,0,39,2,43
1764904695376,0,39,2,43
1764904695419,0,38,2,42
1764904695462,0,39,2,43
1764904695505,0,39,2,43
1764904695548,0,39,2,43
1764904695592,0,39,3,44
1764904695641,0,39,7,48
1764904695691,0,39,9,50
1764904695732,0,34,4,40
1764904695784,1,37,10,49
1764904695819,1,31,2,35
1764904695862,0,39,2,42
1764904695907,0,40,3,44
1764904695949,0,37,2,41
1764904695993,0,39,3,43
1764904696036,0,38,2,42
1764904696079,0,38,2,42
1764904696123,0,39,3,43
1764904696165,0,39,2,42
1764904696209,0,40,2,43
1764904696252,0,39,2,42
1764904696297,0,39,4,44
1764904696338,0,38,2,41
1764904696382,1,37,2,41
1764904696425,0,37,2,40
1764904696468,0,39,2,43
1764904696511,0,39,2,42
1764904696555,0,39,2,43
1764904696598,0,39,2,43
1764904696642,0,40,2,43
1764904696685,0,39,3,42
1764904696728,0,39,2,42
1764904696771,0,39,2,43
1764904696814,0,39,2,42
1764904696858,0,39,2,42
1764904696900,0,39,2,42
1764904696945,0,39,3,43
1764904696987,1,37,2,41
1764904697031,0,39,2,43
1764904697074,0,39,3,43
1764904697117,1,36,3,40
1764904697160,0,39,2,42
1764904697203,0,39,2,43
1764904697247,0,39,2,43
1764904697292,0,40,3,44
1764904697333,0,38,2,41
1764904697377,0,38,2,41
1764904697421,0,38,3,42
1764904697463,0,38,2,42
1764904697508,0,39,4,44
1764904697550,0,37,2,41
1764904697593,0,39,2,43
1764904697636,0,39,2,42
1764904697679,0,39,2,42
1764904697723,0,40,2,44
1764904697766,0,38,2,42
1764904697809,1,39,2,42
1764904697855,0,40,5,46
1764904697895,1,36,2,40
1764904697939,0,40,2,43
1764904697982,0,39,2,42
1764904698026,0,39,2,43
1764904698070,0,39,3,43
1764904698112,0,38,2,41
1764904698155,0,39,2,43
1764904698199,0,39,3,44
1764904698242,0,38,2,42
1764904698285,0,39,2,43
1764904698328,0,39,2,43
1764904698372,0,39,3,43
1764904698415,0,38,2,42
1764904698458,0,39,2,42
1764904698503,0,41,2,45
1764904698544,0,37,2,40
1764904698587,0,39,2,42
1764904698630,0,39,2,43
1764904698674,0,39,2,43
1764904698719,0,41,3,45
1764904698760,0,35,2,39
1764904698804,0,39,2,43
1764904698847,1,38,2,42
1764904698891,0,40,2,43
1764904698933,0,39,2,42
1764904698977,2,37,2,42
1764904699020,0,40,2,43
1764904699065,0,40,3,44
1764904699108,2,36,4,42
1764904699150,1,35,2,39
1764904699193,3,37,2,42
1764904699236,0,39,2,43
1764904699279,0,40,2,43
1764904699322,0,39,2,43
1764904699366,0,39,2,43
1764904699410,0,39,3,43
1764904699454,0,38,3,43
1764904699496,1,37,3,42
1764904699539,0,39,2,42
1764904699583,2,38,3,43
1764904699625,0,39,2,42
1764904699671,0,40,4,45
1764904699713,0,36,3,40
1764904699755,0,39,2,42
1764904699799,0,39,2,43
1764904699842,0,39,2,43
1764904699886,0,40,3,44
1764904699928,0,38,2,41
1764904699971,0,37,2,40
1764904700014,0,39,2,43
1764904700058,0,39,2,43
1764904700101,0,39,2,42
1764904700144,0,40,2,43
1764904700188,0,40,2,43
1764904700231,0,39,2,43
1764904700274,0,39,2,43
1764904700319,0,39,3,44
1764904700360,0,38,2,41
1764904700404,0,39,2,43
1764904700448,0,39,3,43
1764904700491,0,38,3,42
1764904700534,0,38,2,42
1764904700577,0,39,2,43
1764904700622,0,39,4,44
1764904700665,0,37,3,42
1764904700707,0,38,2,41
1764904700750,0,39,2,43
1764904700794,0,39,3,43
1764904700837,0,39,2,42
1764904700880,0,39,2,43
1764904700923,0,39,2,42
1764904700967,0,39,2,43
1764904701010,1,38,2,42
1764904701053,0,39,2,43
1764904701096,0,39,2,42
1764904701142,0,40,3,45
1764904701184,0,35,3,39
1764904701227,0,38,3,43
1764904701271,1,38,3,43
1764904701313,0,38,2,41
1764904701357,0,40,2,43
1764904701400,0,38,2,42
1764904701443,0,39,2,42
1764904701486,0,39,2,43
1764904701529,0,40,2,43
1764904701576,0,39,5,45
1764904701616,0,36,2,39
1764904701659,0,39,2,42
1764904701702,0,39,2,43
1764904701745,0,39,2,43
1764904701789,0,39,3,43
1764904701832,0,39,2,42
1764904701875,0,40,2,43
1764904701918,0,39,2,43
1764904701962,0,40,2,43
1764904702005,0,39,2,42
1764904702056,0,46,3,51
1764904702102,0,37,2,40
1764904702150,1,35,7,44
1764904702188,0,33,2,37
1764904702239,0,41,8,50
1764904702274,2,30,2,35
1764904702318,0,40,2,43
1764904702361,0,39,2,43
1764904702405,0,39,2,43
1764904702447,0,39,2,42
1764904702491,0,40,2,43
1764904702535,0,39,3,43
1764904702578,0,37,2,40
1764904702621,0,39,2,43
1764904702664,0,39,2,42
1764904702707,0,39,2,43
1764904702751,0,39,2,43
1764904702796,0,39,3,43
1764904702837,0,37,2,41
1764904702880,0,39,2,42
1764904702924,0,39,2,43
1764904702967,0,39,2,42
1764904703010,0,39,2,43
1764904703054,0,39,2,43
1764904703097,0,39,2,43
1764904703140,0,38,2,42
1764904703184,0,40,3,44
1764904703226,0,38,2,42
1764904703271,0,39,3,44
1764904703313,1,38,2,41
1764904703357,0,39,3,43
1764904703403,0,38,5,45
1764904703447,0,36,6,44
1764904703486,0,35,2,38
1764904703530,0,39,3,43
1764904703573,0,39,2,42
1764904703616,0,39,2,43
1764904703659,0,39,2,42
1764904703702,0,39,2,43
1764904703747,0,39,4,44
1764904703789,0,38,3,42
1764904703832,0,37,2,40
1764904703875,0,39,2,42
1764904703919,0,40,3,44
1764904703964,0,38,4,44
1764904704006,0,37,3,42
1764904704049,0,38,3,42
1764904704092,0,38,3,42
1764904704135,1,38,2,42
1764904704180,0,41,2,44
1764904704221,1,37,2,41
1764904704264,0,39,2,43
1764904704309,0,37,3,42
1764904704351,0,38,2,41
1764904704394,0,39,2,43
1764904704437,0,39,2,42
1764904704481,0,39,2,43
1764904704525,0,40,3,44
1764904704568,0,38,3,42
1764904704611,0,39,2,42
1764904704654,0,38,2,42
1764904704697,0,39,2,43
1764904704740,1,37,2,42
1764904704784,0,39,3,43
1764904704828,0,38,3,43
1764904704870,0,38,2,41
1764904704913,0,39,2,42
1764904704956,0,39,2,43
1764904705001,1,37,3,42
1764904705044,0,39,3,43
1764904705086,0,37,2,40
1764904705130,0,40,2,43
1764904705172,0,39,2,42
1764904705217,0,40,3,44
1764904705259,1,38,2,41
1764904705303,0,40,2,43
1764904705345,0,39,2,42
1764904705389,0,39,2,42
1764904705432,0,39,2,42
1764904705475,0,39,2,42
1764904705519,0,39,3,43
1764904705562,0,39,2,42
1764904705605,0,39,2,42
1764904705648,0,38,2,41
1764904705694,0,40,4,45
1764904705735,0,36,2,40
1764904705778,0,39,2,43
1764904705822,0,40,2,43
1764904705865,1,38,2,42
1764904705910,0,40,3,45
1764904705953,0,38,2,42
1764904705995,0,38,2,41
1764904706038,0,39,2,42
1764904706081,0,39,2,42
1764904706124,0,39,2,42
1764904706167,0,40,2,43
1764904706211,0,39,2,42
1764904706255,0,40,2,44
1764904706297,0,39,2,42
1764904706340,0,39,2,42
1764904706384,0,39,2,43
1764904706427,0,39,2,42
1764904706471,0,39,3,43
1764904706513,0,39,2,42
1764904706557,0,39,2,43
1764904706603,0,39,4,44
1764904706646,0,36,4,42
1764904706687,0,37,2,41
1764904706730,0,39,2,42
1764904706773,0,39,2,43
1764904706818,0,39,4,45
1764904706862,0,38,4,43
1764904706903,1,36,2,40
1764904706946,0,39,2,42
1764904706989,0,39,2,43
1764904707033,1,40,2,43
1764904707075,0,38,2,41
1764904707119,0,40,2,43
1764904707163,0,39,2,43
1764904707205,0,38,2,41
1764904707249,0,39,3,43
1764904707292,0,38,2,42
1764904707336,0,39,3,43
1764904707379,0,38,2,42
1764904707423,0,39,3,43
1764904707467,0,39,4,44
1764904707509,0,38,3,42
1764904707553,1,38,3,43
1764904707595,0,38,2,42
1764904707638,0,39,2,42
1764904707681,0,39,2,43
1764904707724,0,39,2,43
1764904707768,0,39,2,42
1764904707812,0,39,3,44
1764904707854,0,38,2,42
1764904707899,0,41,2,44
1764904707941,0,38,2,41
1764904707984,0,40,2,43
1764904708027,0,39,2,42
1764904708071,0,40,2,43
1764904708115,0,39,3,43
1764904708160,0,38,5,44
1764904708203,0,36,5,43
1764904708246,0,36,4,41
1764904708287,0,37,3,41
1764904708331,1,39,2,43
1764904708374,0,38,2,41
1764904708424,0,45,3,49
1764904708465,0,30,6,37
1764904708511,0,39,5,45
1764904708548,0,30,2,34
1764904708599,0,38,8,47
1764904708638,1,33,2,37
1764904708681,0,39,2,42
1764904708727,0,42,2,45
1764904708768,0,36,2,40
1764904708811,0,39,2,42
1764904708854,0,39,2,43
1764904708897,0,39,2,43
1764904708942,0,39,3,44
1764904708985,0,38,4,43
1764904709028,0,37,3,42
1764904709072,0,39,2,43
1764904709114,0,38,2,42
1764904709157,0,39,2,43
1764904709200,0,39,2,42
1764904709243,0,39,2,42
1764904709287,0,40,2,43
1764904709330,0,40,2,43
1764904709373,0,39,2,42
1764904709416,0,40,2,43
1764904709460,0,40,2,43
1764904709503,0,39,2,42
1764904709546,0,40,2,43
1764904709590,0,39,2,43
1764904709635,0,39,4,44
1764904709677,0,37,4,42
1764904709719,1,37,2,41
1764904709764,0,40,3,44
1764904709806,1,38,2,41
1764904709849,0,39,2,43
1764904709893,0,39,2,43
1764904709937,0,39,4,44
1764904709980,0,37,3,42
1764904710022,0,38,2,41
1764904710065,0,40,2,43
1764904710109,0,39,2,43
1764904710152,0,39,2,43
1764904710196,0,39,2,43
1764904710242,0,38,6,46
1764904710284,0,37,3,41
1764904710325,0,37,2,40
1764904710368,0,40,2,43
1764904710411,0,39,2,42
1764904710455,0,39,3,43
1764904710499,0,38,2,42
1764904710541,0,38,2,41
1764904710585,0,40,2,43
1764904710627,0,39,2,42
1764904710672,0,39,4,44
1764904710715,0,38,3,42
1764904710758,0,39,2,43
1764904710802,0,39,3,43
1764904710844,0,37,2,40
1764904710887,0,39,2,43
1764904710930,0,39,2,43
1764904710974,0,41,2,44
1764904711018,0,39,3,43
1764904711061,0,38,3,42
1764904711103,1,38,2,42
1764904711147,0,39,2,43
1764904711190,1,37,2,41
1764904711234,0,38,2,42
1764904711277,0,39,3,43
1764904711321,0,39,3,43
1764904711363,0,38,2,42
1764904711406,0,39,2,42
1764904711449,0,39,2,43
1764904711493,0,39,2,42
1764904711536,0,39,2,43
1764904711580,0,39,3,43
1764904711623,0,39,2,42
1764904711666,0,39,2,42
1764904711710,0,39,3,43
1764904711753,3,37,2,43
1764904711796,0,39,2,42
1764904711840,0,40,2,43
1764904711882,0,38,2,42
1764904711926,0,40,2,43
1764904711969,0,39,2,42
1764904712013,0,39,3,43
1764904712056,0,38,3,42
1764904712099,0,39,2,42
1764904712144,0,39,3,43
1764904712185,0,36,2,39
1764904712228,0,39,2,42
1764904712272,0,40,2,43
1764904712315,0,39,2,43
1764904712359,0,39,3,43
1764904712401,0,39,2,42
1764904712444,0,39,2,43
1764904712488,0,40,3,43
1764904712531,0,39,2,42
1764904712575,0,39,2,43
1764904712618,0,38,2,41
1764904712661,2,37,2,43
1764904712704,0,39,2,42
1764904712748,0,39,2,43
1764904712791,0,39,2,43
1764904712834,0,39,2,42
1764904712878,0,40,2,44
1764904712921,0,38,2,41
1764904712965,0,40,2,43
1764904713008,0,38,3,43
1764904713050,0,38,2,42
1764904713095,0,39,3,44
1764904713138,0,38,3,42
1764904713180,0,38,2,41
1764904713224,0,39,3,44
1764904713266,0,38,2,42
1764904713310,0,39,3,43
1764904713353,0,39,2,42
1764904713396,0,40,2,43
1764904713439,0,40,2,43
1764904713483,0,40,2,43
1764904713527,0,40,2,43
1764904713569,0,38,2,41
1764904713615,0,40,4,45
1764904713657,0,38,2,41
1764904713699,0,38,2,41
1764904713743,0,41,2,44
1764904713785,0,37,2,40
1764904713830,0,40,3,44
1764904713872,1,38,2,41
1764904713915,0,39,2,43
1764904713959,0,38,3,42
1764904714003,0,40,3,44
1764904714046,0,37,3,42
1764904714088,0,38,2,42
1764904714131,0,39,2,42
1764904714175,0,39,2,43
1764904714218,0,39,2,43
1764904714261,3,37,2,43
1764904714305,0,38,2,42
1764904714348,0,39,2,43
1764904714391,0,39,2,43
1764904714434,0,39,2,42
1764904714477,1,39,2,43
1764904714521,0,39,3,43
1764904714564,0,39,2,42
1764904714607,0,39,2,43
1764904714650,0,40,2,43
1764904714712,0,49,10,61
1764904714767,1,39,14,55
1764904714823,6,33,10,50
1764904714861,0,28,7,36
1764904714906,2,35,6,44
1764904714945,0,33,2,36
1764904714991,0,37,4,43
1764904715032,0,36,3,41
1764904715075,0,38,2,42
1764904715117,0,39,2,42
1764904715162,0,40,3,44
1764904715204,0,36,2,39
1764904715248,0,39,2,43
1764904715292,0,40,2,43
1764904715334,1,37,3,42
1764904715377,0,39,2,42
1764904715421,0,39,3,43
1764904715464,0,39,2,42
1764904715507,0,39,2,43
1764904715550,0,39,2,43
1764904715593,0,39,2,43
1764904715636,0,39,2,42
1764904715680,0,39,2,43
1764904715723,0,39,2,43
1764904715767,0,38,3,42
1764904715811,0,37,4,42
1764904715853,0,38,2,42
1764904715896,0,39,2,42
1764904715939,0,40,2,43
1764904715982,0,39,2,43
1764904716025,0,39,2,42
1764904716069,0,39,2,43
1764904716112,0,39,2,43
1764904716155,0,39,2,43
1764904716199,0,39,2,43
1764904716242,0,39,2,42
1764904716285,0,39,2,42
1764904716328,0,39,2,42
1764904716372,1,38,2,43
1764904716415,0,39,2,42
1764904716458,0,40,2,43
1764904716502,0,39,2,43
1764904716545,0,39,2,42
1764904716588,0,40,2,43
1764904716631,0,39,2,42
1764904716675,0,39,2,43
1764904716720,0,39,4,44
1764904716761,0,37,2,40
1764904716804,1,39,2,42
1764904716847,0,40,2,43
1764904716891,0,40,2,43
1764904716934,0,39,2,42
1764904716977,3,37,2,43
1764904717021,0,38,2,42
1764904717064,0,39,2,43
1764904717107,0,39,2,42
1764904717150,0,40,2,43
1764904717194,0,39,2,43
1764904717238,0,39,3,44
1764904717281,0,38,2,42
1764904717323,0,39,2,42
1764904717367,0,39,2,43
1764904717410,0,39,2,42
1764904717453,0,38,2,41
1764904717497,0,39,3,43
1764904717539,0,39,2,42
1764904717583,0,39,2,43
1764904717626,0,39,2,43
1764904717670,0,40,2,43
1764904717713,0,39,2,43
1764904717756,0,39,2,42
1764904717800,1,39,3,43
1764904717843,0,39,2,42
1764904717886,0,39,2,42
1764904717929,0,39,2,43
1764904717972,0,39,2,42
1764904718016,0,39,2,43
1764904718059,0,39,2,43
1764904718103,0,39,3,43
1764904718146,0,39,2,43
1764904718189,0,39,2,42
1764904718233,0,38,3,42
1764904718275,0,38,2,42
1764904718318,0,39,2,42
1764904718362,0,38,2,42
1764904718405,3,36,2,42
1764904718449,0,38,2,42
1764904718492,0,39,2,42
1764904718535,0,38,2,42
1764904718578,0,39,2,42
1764904718621,0,39,2,43
1764904718664,0,39,2,43
1764904718708,0,39,2,42
1764904718751,0,39,2,43
1764904718794,0,39,2,42
1764904718838,0,39,2,43
1764904718882,0,39,4,44
1764904718925,1,37,3,42
1764904718967,0,38,2,42
1764904719011,0,40,2,43
1764904719054,0,39,2,42
1764904719098,0,39,3,44
1764904719141,0,38,2,41
1764904719184,0,39,2,42
1764904719227,0,39,2,42
1764904719270,0,39,2,43
1764904719313,0,40,2,43
1764904719357,0,39,2,43
1764904719400,0,39,2,42
1764904719443,0,39,2,43
1764904719486,0,39,2,42
1764904719530,0,40,3,44
1764904719573,0,38,2,42
1764904719617,0,38,3,43
1764904719660,0,37,2,41
1764904719703,0,39,2,43
1764904719746,0,39,2,43
1764904719790,0,40,3,43
1764904719835,0,40,3,44
1764904719877,0,37,4,42
1764904719920,0,37,3,42
1764904719962,0,38,2,41
1764904720006,0,40,2,43
1764904720049,0,39,2,43
1764904720093,0,39,2,43
1764904720135,0,38,2,42
1764904720178,0,39,2,42
1764904720222,0,39,2,42
1764904720265,0,39,3,43
1764904720308,1,38,2,42
1764904720353,0,40,3,44
1764904720395,0,38,2,41
1764904720438,0,39,3,43
1764904720481,0,38,2,42
1764904720525,0,40,2,43
1764904720568,0,38,2,42
1764904720612,2,39,2,43